"player.name","shotAssists","assists","fromThrowIns","regularPlay","fromFreeKick","fromKeeper","fromCounter","fromCorner","fromKickOff","fromGoalKick","fromOther","passLength","groundPass","highPass","lowPass","rightFoot","head","leftFoot","other","noTouch","dropKick","startX","startY","endX","endY","startPosition","endPosition","group"
"Vivianne Miedema",63,18,16,27,10,2,2,2,0,4,0,17.0950834698413,45,13,5,46,1,15,1,0,0,101.550793650794,37.5238095238095,105.993650793651,42.3285714285714,24.7849439366046,17.1938250941283,"60"
"Bethany Mead",75,14,8,19,7,1,1,35,1,3,0,28.9579063613333,24,42,9,61,1,13,0,0,0,111.304,44.772,108.738666666667,39.124,32.2651016165631,13.6536786039778,"60"
"Caroline Weir",89,10,5,18,16,0,4,44,1,0,1,30.5490608314607,26,56,7,4,0,85,0,0,0,101.76404494382,38.7550561797753,106.494382022472,38.2460674157303,39.4632477747964,15.5392914206215,"60"
"Danielle van de Donk",57,10,19,21,2,1,4,6,3,1,0,16.3052321982456,47,6,4,44,0,12,0,1,0,98.2035087719298,39.0561403508772,104.3,39.6245614035088,28.1448127273201,18.9482784269562,"60"
"Keira Walsh",39,10,2,18,3,0,7,5,0,4,0,29.2692451538462,24,12,3,34,0,4,1,0,0,77.0435897435897,44.9179487179487,96.4435897435897,43.1923076923077,48.258051254265,28.2650531734955,"40"
"Fara Williams",65,9,11,19,7,1,6,18,1,2,0,25.7569890969231,22,34,9,47,1,15,1,1,0,96.9538461538462,39.4523076923077,103.484615384615,37.3184615384615,37.7269678370462,19.538069561638,"60"
"Janine Beckie",42,9,13,19,4,1,2,2,0,1,0,26.3317158809524,19,17,6,38,0,3,1,0,0,101.192857142857,62.8571428571429,106.271428571429,43.6309523809524,35.3348691129054,16.7172498635051,"50"
"Katie McCabe",33,9,4,18,5,1,0,4,0,1,0,24.3473368181818,20,9,4,7,0,26,0,0,0,93.2848484848485,26.8060606060606,101.372727272727,37.3545454545455,37.9990954217179,21.9811207959647,"40"
"Erin Cuthbert",60,8,10,18,8,0,4,18,0,2,0,27.9228348416667,21,33,6,54,1,4,1,0,0,101.456666666667,35.985,105.693333333333,40.8783333333333,35.8219760731196,16.6301227597492,"60"
"Jill Scott",43,8,6,23,3,0,7,2,1,1,0,18.5841246395349,29,8,6,40,1,2,0,0,0,91.3558139534884,54.953488372093,98.7162790697674,46.1325581395349,34.8427644737215,24.8571700982998,"50"
"Lucy Staniforth",71,8,10,18,14,1,7,18,1,2,0,26.5839741014085,37,28,6,64,0,7,0,0,0,92.5422535211268,43.5366197183099,99.9253521126761,42.212676056338,41.0094134104016,23.1345838717472,"60"
"Ramona Bachmann",37,8,12,10,3,0,4,7,0,1,0,18.4249543459459,23,8,6,29,0,8,0,0,0,104.710810810811,46.9864864864865,103.1,39.6567567567568,29.5921287803823,20.4234751008127,"40"
"Guro Reiten",38,7,10,16,3,0,0,8,1,0,0,25.8178827394737,13,20,5,3,0,34,1,0,0,102.486842105263,37.2789473684211,106.476315789474,39.6026315789474,33.3319024782319,16.145324667698,"40"
"Jonna Andersson",41,7,10,13,7,2,1,6,1,1,0,26.8452418902439,17,19,5,3,0,38,0,0,0,99.3268292682927,16.9780487804878,107.146341463415,34.3658536585366,35.9271518074235,16.2045680908269,"50"
"Kim Little",38,7,7,9,6,2,2,11,0,1,0,23.7033236052632,21,15,2,35,0,3,0,0,0,98.8447368421053,45.3315789473684,105.189473684211,40.4763157894737,33.6356054377413,18.1109442366869,"40"
"Inessa Kaagman",33,6,4,9,6,1,2,9,0,2,0,28.8354982424242,13,17,3,7,1,25,0,0,0,97.5090909090909,41.1939393939394,102.706060606061,40.3515151515152,38.390817600406,20.2016986020389,"40"
"Julia Simic",25,6,7,6,4,0,3,2,1,2,0,22.73029016,12,11,2,17,1,7,0,0,0,89.576,34.7,101.604,36.664,37.7548843718553,21.5744520671376,"30"
"Charlie Wellings",34,5,9,15,2,1,3,1,1,1,1,19.6677020529412,19,10,5,26,2,6,0,0,0,96.0617647058824,42.4647058823529,101.635294117647,40.6411764705882,31.1827881378845,21.0759958535188,"40"
"Gemma Suzanne Davison",36,5,7,14,5,0,2,5,1,2,0,21.3922522777778,24,7,5,32,1,2,1,0,0,96.2694444444444,37.4166666666667,102.513888888889,40.2305555555556,32.8861584154081,21.4063821329366,"40"
"Jordan Nobbs",43,5,13,21,4,0,1,4,0,0,0,20.7528484930233,27,11,5,40,0,3,0,0,0,94.306976744186,41.8651162790698,104.790697674419,36.3674418604651,32.8516246511737,20.5742536666145,"50"
"Lauren Hemp",27,5,2,17,3,0,2,3,0,0,0,21.4115334444444,17,4,6,3,0,24,0,0,0,100.548148148148,26.437037037037,104.107407407407,38.8851851851852,27.2243931344575,19.7493443067465,"30"
"Leah Williamson",20,5,6,8,1,0,1,4,0,0,0,26.627582555,8,7,5,18,0,0,2,0,0,85.34,55.375,100.515,39.775,41.1102504853203,23.2177851907317,"20"
"Lisa Evans",37,5,7,16,7,0,1,2,0,4,0,15.7425824594595,28,8,1,31,1,4,1,0,0,105.367567567568,54.4459459459459,104.82972972973,45.6567567567568,26.0198862375164,18.1412750488116,"40"
"Nikita Parris",27,5,6,17,1,0,0,1,0,2,0,19.1122138148148,21,5,1,21,0,6,0,0,0,99.4074074074074,49.962962962963,102.037037037037,40.5185185185185,27.8766733053899,20.9145796964826,"30"
"Bethany England",33,4,3,23,0,0,2,2,1,2,0,16.2333862636364,23,5,5,21,2,10,0,0,0,101.275757575758,36.6848484848485,103.751515151515,38.569696969697,28.2134886599608,19.8703507368415,"40"
"Claire Emslie",32,4,4,9,2,0,2,14,0,1,0,28.831377725,9,19,4,23,1,7,1,0,0,107.65625,51.75,109.1875,42.96875,33.5062650404914,13.6493621592609,"40"
"Drew Spence",26,4,8,11,0,0,3,3,0,1,0,17.3730060730769,16,5,5,19,3,3,1,0,0,91.9884615384615,37.0961538461538,99.0153846153846,35.7153846153846,31.6597414479485,24.5764538762688,"30"
"Georgia Stanway",38,4,3,13,3,0,3,14,2,0,0,25.6735441263158,17,16,5,35,1,1,1,0,0,95.4473684210526,42.9736842105263,104.960526315789,41.9921052631579,35.5781874428348,18.1937745260953,"40"
"Hannah Jayne Blundell",16,4,5,7,2,0,1,1,0,0,0,28.28514925,9,7,0,13,0,3,0,0,0,92.31875,57.35,102.89375,46.8875,38.3846063955538,20.9692261365074,"20"
"Jessica Sigsworth",12,4,2,7,2,0,0,1,0,0,0,18.665085425,4,4,4,10,0,1,1,0,0,106.333333333333,54.8666666666667,108.675,37.4,23.1658702653446,14.0315111324172,"20"
"Laura Coombs",26,4,5,8,5,0,0,7,0,1,0,32.1675498653846,7,15,4,24,0,2,0,0,0,88.8576923076923,41.4153846153846,103.511538461538,39.9076923076923,43.5516030104228,21.1062223170783,"30"
"Lucy Graham",19,4,6,7,1,1,0,1,0,3,0,24.0799548947368,9,5,5,15,0,4,0,0,0,92.0894736842105,32.5210526315789,100.089473684211,43.1315789473684,36.5279863522026,22.6033405059065,"20"
"Simone Magill",37,4,6,20,5,0,2,1,0,3,0,15.0170299945946,26,3,8,32,0,5,0,0,0,93.7108108108108,43.027027027027,97.6054054054054,42.2054054054054,32.5907871932612,27.0379214021528,"40"
"So-yun Ji",66,4,18,32,2,0,4,7,0,3,0,22.8024542924242,45,16,5,58,2,6,0,0,0,87.5984848484848,38.4212121212121,98.5924242424242,39.119696969697,38.3950125908352,25.6909108354604,"60"
"Alisha Lehmann",24,3,6,9,2,1,2,2,1,1,0,25.9158020416667,13,9,2,19,0,5,0,0,0,102.554166666667,54.4541666666667,108.370833333333,41.95,32.2297739484703,13.769968032137,"30"
"Brooke Chaplen",28,3,7,13,6,0,0,1,0,1,0,12.2830342642857,19,3,6,18,1,8,1,0,0,97.7857142857143,41.4964285714286,97.8607142857143,40.8464285714286,26.6182306441358,24.9616264350681,"30"
"Ellen White",18,3,6,6,0,0,3,0,3,0,0,15.3812396277778,14,2,2,11,0,7,0,0,0,94.8666666666667,41.8555555555556,98.8722222222222,40.0222222222222,31.3242903069128,23.7558650424545,"20"
"Francesca Kirby",31,3,8,19,0,0,2,1,0,1,0,14.7063055483871,26,1,4,25,0,5,1,0,0,97.8161290322581,39.2064516129032,100.438709677419,42.4129032258065,26.9385855408681,22.6172408802855,"40"
"Jane Ross",26,3,7,10,2,0,2,2,0,3,0,15.2601841846154,15,4,7,18,1,6,1,0,0,98.4692307692308,34.2384615384615,100.830769230769,38.6269230769231,29.7349866767423,23.834607790758,"30"
"Karen Julia Carney",47,3,9,6,7,0,3,22,0,0,0,30.6770462191489,12,28,7,44,0,3,0,0,0,108.617021276596,35,107.191489361702,38.9574468085106,36.2202546952564,14.9298213894971,"50"
"Kate Longhurst",17,3,3,9,2,0,0,0,1,2,0,23.5288425882353,10,5,2,12,1,3,1,0,0,88.8117647058824,49.2588235294118,100.076470588235,47.9823529411765,39.9184700624987,25.5935123032882,"20"
"Kayleigh Green",36,3,7,19,3,2,5,0,0,0,0,18.6733132916667,25,8,3,25,1,10,0,0,0,94.8972222222222,42.275,98.2,42.9222222222222,34.996277882161,26.0441698664833,"40"
"Kenza Dali",17,3,3,6,4,0,2,2,0,0,0,22.1313088705882,6,9,2,16,0,1,0,0,0,92.2941176470588,42.6117647058824,102.947058823529,43.7117647058824,37.5930323166162,20.4929848831852,"20"
"Leah Galton",14,3,5,6,1,1,0,0,1,0,0,15.4551643571429,11,3,0,0,0,14,0,0,0,105.635714285714,23.3357142857143,104.085714285714,33.55,26.7988916145688,20.2763599733545,"20"
"Lia Wälti",7,3,1,1,3,0,1,1,0,0,0,27.5666845714286,4,3,0,6,0,1,0,0,0,82.4428571428572,51.8,97.7285714285714,45.5714285714286,41.7986091619106,26.6314533323679,"10"
"Megan Connolly",12,3,1,4,1,0,0,6,0,0,0,24.8060423,3,8,1,10,1,0,1,0,0,100.2,37.2333333333333,106.083333333333,41.85,34.0573130890568,16.5677009064038,"20"
"Molly Pike",7,3,1,3,0,0,1,0,0,2,0,17.4082641428571,5,2,0,5,0,2,0,0,0,90.2714285714286,49.3,93.5714285714286,38.3142857142857,36.0458441369175,27.2735921802553,"10"
"Natasha Harding",18,3,4,10,1,0,1,1,0,1,0,24.10395315,7,8,3,16,0,1,1,0,0,92.0722222222222,44.9222222222222,103.488888888889,42.9111111111111,40.0746445770885,20.3921567841248,"20"
"Ria Percival",17,3,2,8,2,0,0,5,0,0,0,31.0230341764706,3,13,1,16,0,1,0,0,0,95.1705882352941,55.3294117647059,106.817647058824,42.8352941176471,41.4410363353644,17.3718788191343,"20"
"Sophie Ingle",24,3,7,10,1,0,2,4,0,0,0,21.1020843541667,17,6,1,14,0,10,0,0,0,87.5166666666667,41.9958333333333,98.3083333333333,39.4958333333333,38.058918453515,25.4307150125304,"30"
"Tessa Wullaert",49,3,7,23,2,1,3,9,2,2,0,20.9392458734694,32,13,4,36,0,13,0,0,0,97.4979591836735,46.5673469387755,101.90612244898,41.4469387755102,31.3064912729863,20.5153382798676,"50"
"Abbie McManus",19,2,8,4,3,0,2,2,0,0,0,27.6300726315789,12,6,1,17,0,1,1,0,0,81.7736842105263,45.3473684210526,98.5315789473684,45.5421052631579,46.6356738660969,27.5131875404938,"20"
"Aileen Whelan",24,2,8,13,1,0,2,0,0,0,0,20.5074866458333,15,7,2,16,2,5,1,0,0,85.5541666666667,28.5833333333333,94.2208333333333,35.275,42.5205216700818,29.6142718113892,"30"
"Amalie Vevle Eikeland",9,2,3,2,1,0,2,0,1,0,0,22.5309006888889,3,3,3,5,1,2,1,0,0,89.9888888888889,33.2,98.0666666666667,39.9777777777778,38.2956377920468,25.4989985418081,"10"
"Angharad James",27,2,7,7,4,0,3,5,0,1,0,22.1343958518519,17,8,2,21,1,4,1,0,0,93,45.8814814814815,99.1481481481482,42.9,36.9067820724116,23.7365024328243,"30"
"Brianna Visalli",18,2,3,6,1,1,4,2,0,1,0,22.6889508055556,11,4,3,14,1,3,0,0,0,92.45,39.8444444444444,103.755555555556,40.2166666666667,34.4562984700746,18.6574566812904,"20"
"Cecilie Redisch Kvamme",15,2,4,6,4,0,0,0,0,1,0,23.4136996666667,6,8,1,12,0,2,1,0,0,98.9066666666667,67.9666666666667,103.926666666667,47.5533333333333,36.702324551506,19.0592196116973,"20"
"Chloe Arthur",17,2,1,10,3,0,3,0,0,0,0,28.8710226764706,9,6,2,12,1,4,0,0,0,71.0117647058824,46.7882352941176,93.4647058823529,35.3529411764706,51.39386248433,30.3242129634844,"20"
"Demi Stokes",12,2,5,6,0,0,0,0,0,1,0,23.4885495833333,6,2,4,0,0,12,0,0,0,98.2083333333333,13.6,105.65,28.6583333333333,36.9443634643972,20.3656091577519,"20"
"Dominique Johanna Anna Bloodworth",23,2,6,10,4,0,1,1,0,1,0,30.491787873913,13,10,0,17,0,6,0,0,0,77,36.695652173913,99.0434782608696,36.9565217391304,46.8727222024645,26.5344679657594,"30"
"Ella Toone",6,2,2,2,1,0,0,0,0,1,0,23.8628096666667,4,0,2,5,0,0,0,1,0,86.65,40.8166666666667,100.083333333333,27.3166666666667,36.6140244069271,27.4502836665086,"10"
"Jade Moore",22,2,9,4,1,0,2,3,2,1,0,20.5973829454545,9,8,5,19,2,0,1,0,0,87.0545454545455,44.3136363636364,98.1909090909091,38.0136363636364,39.9251615135539,24.6046826900028,"30"
"Jessica Anne Clarke",13,2,2,7,3,1,0,0,0,0,0,22.2906511538462,5,6,2,11,0,2,0,0,0,103.438461538462,59.4384615384615,106.069230769231,44.4692307692308,29.8934123627549,15.4067361756739,"20"
"Jessica Carter",5,2,2,3,0,0,0,0,0,0,0,24.2645666,1,3,1,4,0,1,0,0,0,103.12,49.22,105.68,36.12,26.9792666515396,17.0776784439296,"10"
"Julie Biesmans",9,2,0,3,1,0,2,3,0,0,0,31.6420862222222,3,4,2,8,1,0,0,0,0,87.5555555555556,18.3333333333333,97.4444444444444,36.8888888888889,47.9726739970743,25.3037575792504,"10"
"Katie Zelem",22,2,1,2,4,0,5,10,0,0,0,27.1539852272727,11,9,2,20,0,2,0,0,0,94.0136363636364,44.1363636363636,101.795454545455,33.0818181818182,40.0121227122815,21.3791126057899,"30"
"Katrine Veje",8,2,3,4,1,0,0,0,0,0,0,25.1137475,3,4,1,0,0,8,0,0,0,113,14.625,110.875,39.25,26.497586109618,9.76667527757386,"10"
"Léa Le Garrec",18,2,1,5,3,1,2,5,0,1,0,33.9745753333333,7,11,0,14,0,4,0,0,0,94.2666666666667,30.2555555555556,104.444444444444,43.9833333333333,41.4542494387598,19.3248954035369,"20"
"Leonie Maier",3,2,2,1,0,0,0,0,0,0,0,22.818191,0,2,1,2,0,0,1,0,0,110.9,43.0666666666667,111.933333333333,27.1333333333333,31.3432357707292,15.5533155170503,"10"
"Rachel Furness",29,2,4,15,2,1,0,5,0,2,0,21.4668113103448,20,6,3,2,1,24,2,0,0,88.8034482758621,37.6896551724138,97.9896551724138,38.6551724137931,38.3809937115252,26.1556324990002,"30"
"Remi Allen",26,2,7,10,2,1,4,1,0,1,0,16.6993452846154,17,5,4,20,2,3,1,0,0,90.3576923076923,30.9538461538462,98.9192307692308,34.6923076923077,33.9060054732689,23.8251234097939,"30"
"Siri Worm",9,2,2,3,3,0,0,1,0,0,0,35.7482267777778,2,6,1,0,0,8,1,0,0,81.6111111111111,33.7666666666667,100.488888888889,38.2333333333333,49.9848564278946,24.9105812363204,"10"
"So-Hyun Cho",10,2,1,3,2,0,1,2,1,0,0,34.6549524,3,4,3,8,1,1,0,0,0,82.87,37.35,101.78,31.52,45.0413265458309,26.5268558605802,"10"
"Abbey-Leigh Stringer",8,1,4,3,0,0,1,0,0,0,0,13.71829,6,0,2,7,0,1,0,0,0,84.625,36.625,85.875,29.5,41.3172478389655,37.597117810383,"10"
"Alexandra Riley",4,1,1,3,0,0,0,0,0,0,0,32.34700075,2,2,0,2,0,2,0,0,0,88.75,24,106.75,36.75,40.5857498764545,14.8352164023468,"10"
"Amanda Nildén",6,1,2,3,1,0,0,0,0,0,0,13.15749755,3,2,1,0,1,4,1,0,0,107.7,39.6,107.416666666667,41.65,18.9174733953934,15.1086741016535,"10"
"Amy Rodgers",3,1,1,2,0,0,0,0,0,0,0,18.7307303333333,2,0,1,3,0,0,0,0,0,73,49.4666666666667,88.4,49.6,51.5506133740684,36.0014550401834,"10"
"Angela Addison",3,1,0,1,1,0,0,0,0,0,1,18.1113713333333,2,0,1,3,0,0,0,0,0,83.0666666666667,18.9,84.2333333333333,36.9666666666667,44.25948406291,36.061279164282,"10"
"Anne-Marie Heatherson",6,1,1,1,0,0,2,1,0,1,0,16.0244960833333,3,1,2,1,1,4,0,0,0,92.6666666666667,48.3333333333333,98.5,47.5,35.1190549989521,27.2750502402309,"10"
"Carla Humphrey",14,1,3,5,2,0,1,2,0,1,0,30.2555349357143,5,8,1,11,0,3,0,0,0,81.7214285714286,38.9285714285714,98.1714285714286,42.9642857142857,47.7913502049386,25.0299860872278,"20"
"Chantelle Boye-Hlorkah",19,1,4,9,3,1,0,2,0,0,0,24.3816801210526,7,9,3,15,0,3,1,0,0,95.5684210526316,52.0526315789474,102.805263157895,44.0736842105263,38.3757328019471,21.2253622690652,"20"
"Charlotte Estcourt",3,1,1,1,0,0,0,0,0,1,0,19.1584156666667,3,0,0,2,0,1,0,0,0,88,28.6666666666667,102.333333333333,35.6666666666667,40.9470603502481,22.9012325490537,"10"
"Chloe Kelly",34,1,6,10,3,0,2,11,0,1,1,32.9450565441176,10,21,3,25,1,7,1,0,0,102.611764705882,40.0911764705882,107.961764705882,39.9705882352941,37.1261025371336,15.4704756087076,"40"
"Christie Murray",17,1,0,4,3,0,1,8,0,1,0,31.1969743235294,7,9,1,16,0,1,0,0,0,99.6941176470588,36.7882352941176,102.788235294118,39.4,39.3475770242509,20.1577170564695,"20"
"Claudia Walker",15,1,3,6,4,0,2,0,0,0,0,21.6045333466667,10,4,1,12,0,3,0,0,0,91.86,50.84,96.52,47.06,38.6926766111154,28.522756262011,"20"
"Connie Scofield",4,1,2,1,1,0,0,0,0,0,0,9.648647375,3,0,1,2,0,2,0,0,0,92.75,41.5,96,39.25,29.1768650126248,26.2585342863051,"10"
"Danielle Buet",26,1,5,7,3,0,1,9,1,0,0,33.3149107307692,9,16,1,23,0,3,0,0,0,89.9115384615385,53.8230769230769,99.9884615384615,42.4961538461538,48.3498866525498,22.6106139627454,"30"
"Danielle Turner",17,1,5,6,2,0,2,1,0,1,0,30.6175186470588,7,7,3,1,0,15,1,0,0,80.9235294117647,22.1411764705882,100.5,26.5294117647059,50.6735118915362,26.031294032,"20"
"Danique Kerkdijk",5,1,0,2,0,0,1,1,1,0,0,47.08025552,0,4,1,4,1,0,0,0,0,55.02,60.22,94.8,40.94,68.8488524809747,30.4357071479088,"10"
"Dominique Bruinenberg",8,1,3,3,1,0,1,0,0,0,0,24.692393875,8,0,0,7,0,1,0,0,0,74,42.5,85.125,29.625,49.1951194551497,38.5139158912448,"10"
"Ebony Salmon",5,1,3,2,0,0,0,0,0,0,0,17.8600428,3,1,1,4,0,1,0,0,0,101.26,24.44,97.24,26.78,32.6183898922215,26.579070231298,"10"
"Ella Rutherford",14,1,2,4,6,1,1,0,0,0,0,26.9549483357143,5,8,1,2,0,11,1,0,0,91,38.4285714285714,104.785714285714,37.0714285714286,38.1984908844496,17.2758608264083,"20"
"Ellie Brazil",20,1,5,10,2,0,2,0,0,1,0,18.053191945,11,6,3,14,1,3,2,0,0,93.595,43.92,99.545,39.875,32.5796032039711,23.4039519001565,"20"
"Emma Follis",15,1,4,8,1,0,0,0,0,2,0,17.0424284,10,2,3,14,0,1,0,0,0,100.6,48.2666666666667,98.8,44.6,30.7977011939839,25.5578586288572,"20"
"Erin Simon",5,1,0,3,1,0,1,0,0,0,0,25.542877,2,2,1,4,1,0,0,0,0,84.38,52.54,96.66,45.58,46.2508446914835,27.2991432924158,"10"
"Felicity Gibbons",18,1,5,9,1,0,1,2,0,0,0,24.1912956666667,7,8,3,2,0,13,3,0,0,88.9777777777778,18.1,99.0888888888889,30.9277777777778,44.0572452357836,26.8174238133422,"20"
"Hannah Cain",16,1,7,6,1,0,1,0,0,1,0,17.902714675,11,2,3,12,0,3,1,0,0,98.6375,39.1125,102.48125,37.74375,30.3016055756038,21.2380837335959,"20"
"Hannah Short",12,1,0,0,9,0,2,1,0,0,0,38.6078055,1,10,1,10,1,1,0,0,0,74.3333333333333,43.25,105.916666666667,40.75,50.0914770309508,15.4750809842735,"20"
"Hayley Ladd",25,1,3,10,4,0,2,6,0,0,0,28.794459272,11,14,0,20,0,5,0,0,0,93.92,43.324,101.364,40.1,40.0224076599195,22.5810472180543,"30"
"Iniabasi Anefiok Umotong",22,1,2,14,4,0,0,0,0,2,0,17.3849030863636,10,4,8,19,1,0,2,0,0,104.368181818182,41.2227272727273,100.881818181818,42.1636363636364,26.0210482384023,21.4347119938931,"30"
"Jackie Groenen",24,1,3,11,1,0,5,2,0,2,0,20.8934011583333,19,4,1,19,0,4,0,1,0,87.1291666666667,43.0125,97.9875,37.0083333333333,37.463036293165,25.8350766080673,"30"
"Jade Bailey",17,1,2,5,2,0,0,7,0,1,0,27.5435171176471,10,6,1,14,0,3,0,0,0,100.035294117647,43.2705882352941,99.1,39.7764705882353,38.9310180684568,24.1829226039653,"20"
"Jasmine Matthews",7,1,0,4,0,0,1,1,0,0,1,34.0362661428571,3,4,0,0,0,7,0,0,0,64.1571428571429,19.2571428571429,94.0428571428571,22.4142857142857,60.9845561364165,31.6838110894729,"10"
"Jill Roord",9,1,2,3,3,0,1,0,0,0,0,18.1274228888889,8,0,1,3,0,6,0,0,0,88.6111111111111,36.0111111111111,97.5777777777778,34.2,32.3926129273594,25.6653512688092,"10"
"Kerys Harrop",4,1,2,1,0,0,0,1,0,0,0,22.03314775,1,2,1,0,0,3,1,0,0,91.55,14.6,95.05,20.45,43.1700433733183,33.5189021980982,"10"
"Kirsty Hanson",7,1,1,3,2,1,0,0,0,0,0,24.4528855714286,2,3,2,3,0,4,0,0,0,102.614285714286,61.2142857142857,106.457142857143,38.9285714285714,32.012861700351,17.1903808781675,"10"
"Kirsty Linnett",6,1,2,4,0,0,0,0,0,0,0,22.0546171666667,2,2,2,4,0,0,2,0,0,96.1666666666667,44.8,90.9833333333333,46.5166666666667,34.617819126904,33.1631784119555,"10"
"Kirstyn Pearce",5,1,0,2,1,0,0,0,1,1,0,41.256228,1,3,1,5,0,0,0,0,0,53.2,60.4,92.2,50.6,70.8516128927817,31.494767659046,"10"
"Kit Graham",19,1,1,12,1,0,0,2,1,2,0,21.4231411631579,12,4,3,3,3,13,0,0,0,87.1315789473684,47.3368421052632,91.6210526315789,33.8368421052632,39.7992095863207,33.3259127061711,"20"
"Laura Rafferty",2,1,0,0,0,0,0,2,0,0,0,7.29292625,1,0,1,2,0,0,0,0,0,102.5,39.5,101.5,41.5,20.182226450689,18.9154759474226,"10"
"Leanne Kiernan",3,1,1,1,0,0,0,1,0,0,0,25.1753693333333,1,2,0,2,0,1,0,0,0,115,35,111.666666666667,38.3333333333333,22.9607966275756,9.92324040325478,"10"
"Leigh-Anne Robe",10,1,4,4,0,0,1,1,0,0,0,24.3253914,5,3,2,5,0,3,2,0,0,82.07,28.43,96.58,24.42,46.8249334782558,30.3269645393219,"10"
"Loren Dykes",5,1,3,2,0,0,0,0,0,0,0,30.1026918,0,3,2,5,0,0,0,0,0,92.66,68.82,104.46,43.72,41.8043752019838,16.7257355075903,"10"
"Lucy Quinn",14,1,2,6,1,0,2,3,0,0,0,19.2193651357143,8,4,2,13,0,0,1,0,0,99.2571428571429,40.4714285714286,100.228571428571,35.4,32.4787517415965,22.9883968001196,"20"
"Magdalena Ericsson",12,1,4,6,0,0,2,0,0,0,0,31.5175899166667,5,4,3,1,1,10,0,0,0,64.975,24.45,91.825,32.2583333333333,59.1888510310002,31.3626283958509,"20"
"Maren Nævdal Mjelde",31,1,3,14,0,0,2,11,0,1,0,27.4584846580645,13,15,3,27,2,2,0,0,0,97.3193548387097,53.3451612903226,103.21935483871,44.6838709677419,38.4052111929366,20.501516260624,"40"
"Martha Thomas",10,1,4,5,0,1,0,0,0,0,0,21.51691785,3,0,7,5,1,3,1,0,0,98.76,45.27,101.36,42.53,30.1905937181313,20.3045363772401,"10"
"Maya Le Tissier",2,1,0,0,0,0,0,1,0,1,0,27.759336,0,1,1,0,1,0,1,0,0,82.55,51.2,107.55,47,40.218514443847,14.389610976747,"10"
"Mayumi Pacheco",9,1,4,4,0,0,0,0,0,1,0,19.7107723333333,4,4,1,1,1,6,1,0,0,94.0222222222222,9.7,93.5222222222222,25.0111111111111,42.368663701649,32.5411169798777,"10"
"Megan Alexander",11,1,6,1,0,0,0,4,0,0,0,35.4245082727273,1,8,2,0,1,9,1,0,0,96.5454545454545,32.2727272727273,108.181818181818,36,46.3618038739603,16.0317247439544,"20"
"Melisa Filis",1,1,1,0,0,0,0,0,0,0,0,7.2111025,1,0,0,1,0,0,0,0,0,93,41,97,35,27.0185121722126,23.5372045918796,"10"
"Millie Bright",19,1,6,2,4,0,5,2,0,0,0,36.6157170894737,6,11,2,12,0,4,3,0,0,74.9684210526316,51.6,102.378947368421,39.1894736842105,50.6339278708059,20.9108575278622,"20"
"Millie Farrow",4,1,1,1,0,0,0,1,1,0,0,8.842056775,4,0,0,3,0,1,0,0,0,98.875,36.6,102.65,38.4,24.0811406677605,21.5733447197344,"10"
"Molly Bartrip",2,1,0,1,1,0,0,0,0,0,0,37.989865,1,1,0,2,0,0,0,0,0,58,58,94,50.5,65.502604096028,30.2760969269401,"10"
"Paige Williams",13,1,2,4,3,0,0,3,0,1,0,38.1894670769231,3,9,1,0,1,12,0,0,0,92.8461538461538,32.2307692307692,106.538461538462,33.2307692307692,46.4673701601093,17.6635213468823,"20"
"Poppy Pattinson",15,1,2,5,2,0,1,3,1,1,0,27.3389339,7,7,1,2,0,12,1,0,0,88.54,26.66,99.1066666666667,33.0866666666667,45.7011992795774,25.2945697083511,"20"
"Rachel Mclauchlan",2,1,0,1,0,1,0,0,0,0,0,17.91934525,1,1,0,2,0,0,0,0,0,102.5,55.5,107.5,39.5,23.6660937148894,12.9953873523999,"10"
"Rosella Ayane",15,1,4,8,0,1,2,0,0,0,0,19.98046248,8,4,3,8,0,6,1,0,0,100.153333333333,39.66,100.94,47.7133333333333,31.3037192020128,22.5324073441001,"20"
"Rosie Kmita",4,1,2,1,1,0,0,0,0,0,0,18.762728,3,1,0,0,0,4,0,0,0,91.25,28,95.75,39.75,37.2568386317186,26.4042098926037,"10"
"Shannon Albuery",1,1,0,0,0,0,1,0,0,0,0,5.0990195,0,0,1,0,1,0,0,0,0,103,40,108,39,17,12.0415945787923,"10"
"Stephanie Houghton",13,1,3,3,2,0,0,4,0,1,0,28.8401933384615,4,8,1,11,1,0,1,0,0,81.8846153846154,51.3153846153846,106.546153846154,43.3769230769231,41.1564021228563,15.2022602199537,"20"
"Taylor Hinds",4,1,1,2,0,0,0,1,0,0,0,12.24597775,3,0,1,3,0,1,0,0,0,94.2,48.825,97.95,49.6,35.2753186484967,25.8641390659617,"10"
"Abbi Grant",11,0,4,4,0,1,0,1,0,1,0,18.9641829090909,8,0,3,8,0,3,0,0,0,93.4818181818182,31.2363636363636,90.6363636363636,39.2272727272727,34.9503150179582,31.7059191058954,"20"
"Abigail Harrison",13,0,3,8,1,0,0,0,0,1,0,16.0630822307692,6,3,4,8,2,2,1,0,0,101.892307692308,37.3307692307692,98.1230769230769,43.2846153846154,25.866150277816,25.6123092329414,"20"
"Adelina Engman",3,0,1,0,1,1,0,0,0,0,0,13.6670116666667,1,2,0,2,0,0,1,0,0,101.766666666667,43.8,106.9,37.1333333333333,25.8681034949639,14.8621045882896,"10"
"Adriana Leon",6,0,1,0,2,0,0,3,0,0,0,25.5116436833333,1,4,1,5,0,0,1,0,0,112.316666666667,38.0166666666667,109.933333333333,48.1666666666667,31.9777163967435,14.4633134607118,"10"
"Adrienne Jordan",8,0,3,2,2,0,0,1,0,0,0,20.3118902125,4,3,1,1,0,6,1,0,0,90.7375,20.7125,96.35,34.675,40.08713967208,27.2710116277502,"10"
"Amber Gaylor",4,0,1,2,0,0,1,0,0,0,0,34.7954295,2,2,0,2,0,2,0,0,0,68,48.25,101.75,47.25,54.6379959146765,24.7118741362439,"10"
"Amy Goddard",1,0,0,0,0,0,1,0,0,0,0,59.908264,0,1,0,1,0,0,0,0,0,34,47,92,32,86.2844134244419,29.1204395571221,"10"
"Amy Turner",8,0,4,2,0,0,1,1,0,0,0,33.7122135625,4,2,2,8,0,0,0,0,0,73.3375,67.2,98.8875,52.2625,56.0071406385087,28.3523589482713,"10"
"Ann-Katrin Berger",1,0,0,0,1,0,0,0,0,0,0,69.641945,0,1,0,1,0,0,0,0,0,40,32,105,7,80.3990049689671,36.2491379207837,"10"
"Anna Filbey",4,0,1,1,1,0,1,0,0,0,0,29.27089875,2,1,1,4,0,0,0,0,0,56.575,32.175,84.05,30.425,64.2784059619136,41.1212939548407,"10"
"Anne Moorhouse",1,0,0,0,0,0,0,0,0,1,0,79.468735,0,1,0,1,0,0,0,0,0,3.4,48.2,81.2,64.4,116.887980562588,45.8344848340199,"10"
"Aoife Mannion",11,0,3,2,6,0,0,0,0,0,0,26.2438412727273,7,3,1,10,0,1,0,0,0,80.4454545454546,36.1636363636364,94.2636363636364,25.9181818181818,44.6654227181,32.4356956035641,"20"
"Ashleigh Neville",8,0,3,3,1,0,0,0,0,1,0,24.835717,4,4,0,6,0,1,1,0,0,85.6125,51.3,101.4375,41.65,42.6365369126454,24.2761343297889,"10"
"Ashley Hodson",3,0,0,1,0,0,0,1,0,1,0,26.7536678333333,1,2,0,2,1,0,0,0,0,82.4333333333333,47.7333333333333,103.866666666667,59.1,39.0240748712644,26.2486769993347,"10"
"Ava Kuyken",1,0,0,0,0,0,0,1,0,0,0,7.071068,0,0,1,1,0,0,0,0,0,98,32,93,27,23.4093998214393,29.9666481275434,"10"
"Bethan Roe",1,0,0,1,0,0,0,0,0,0,0,10.049875,0,0,1,0,0,0,1,0,0,83,53,93,54,39.2173431022552,30.4138126514911,"10"
"Bonnie Horwood",8,0,2,3,2,0,0,1,0,0,0,24.6829985,2,3,3,5,1,2,0,0,0,86.625,51.875,97.375,48,39.3735989998505,27.1057546861418,"10"
"Brooke Hendrix",3,0,0,0,1,0,1,1,0,0,0,12.9263886666667,1,1,1,0,0,1,2,0,0,100.233333333333,23.2666666666667,104.2,27.1,26.2446264708089,20.538756786016,"10"
"Charlie Taylor",1,0,1,0,0,0,0,0,0,0,0,13.892444,1,0,0,1,0,0,0,0,0,94,70,87,58,39.6988664825584,37.589892258425,"10"
"Charlotte Buxton",1,0,0,1,0,0,0,0,0,0,0,61,0,0,1,1,0,0,0,0,0,50,60,111,60,72.8010988928052,21.9317121994613,"10"
"Chloe Peplow",16,0,1,3,3,0,3,6,0,0,0,32.153045375,8,8,0,16,0,0,0,0,0,92.6875,36.65625,101.03125,41.84375,41.9534150302755,20.9407624111511,"20"
"Claire Lauren Rafferty",18,0,4,3,4,0,0,7,0,0,0,31.9844748333333,4,14,0,0,0,18,0,0,0,107.5,43.5555555555556,106.944444444444,33.5,40.0710260708117,16.10133585843,"20"
"Coral-Jade Haines",1,0,0,1,0,0,0,0,0,0,0,21.30094,0,0,1,1,0,0,0,0,0,81.6,23.2,99.4,11.5,41.9141980717752,35.1654660142589,"10"
"Courtney Brosnan",1,0,0,0,0,1,0,0,0,0,0,90.06187,0,1,0,0,0,0,0,0,1,15.2,48.6,103.7,31.9,105.152270541344,18.2016482770105,"10"
"Courtney Sweetman-Kirk",15,0,7,4,2,0,2,0,0,0,0,17.14879674,9,2,4,13,1,1,0,0,0,92.72,43.5933333333333,97.6,43.8066666666667,35.1162596678969,27.660451160323,"20"
"Danielle Carter",1,0,1,0,0,0,0,0,0,0,0,28.01785,0,1,0,1,0,0,0,0,0,107,11,108,39,31.7804971641414,12.0415945787923,"10"
"Deanna Cooper",1,0,0,1,0,0,0,0,0,0,0,16.27882,1,0,0,1,0,0,0,0,0,95,58,111,55,30.8058436014987,17.4928556845359,"10"
"Elise Hughes",6,0,0,2,0,0,1,0,0,3,0,17.2021601166667,3,1,2,5,0,1,0,0,0,87.1166666666667,38.55,92.7666666666667,26.5166666666667,40.360632255963,32.7311679302099,"10"
"Elizabeth Arnott",2,0,2,0,0,0,0,0,0,0,0,25.7669645,1,1,0,1,0,1,0,0,0,109.55,72.5,102.25,48.75,34.1660490096453,19.9804367056936,"10"
"Ellie Mason",2,0,0,1,0,0,1,0,0,0,0,16.6212665,1,1,0,0,0,2,0,0,0,67,39,78,27.5,53.3581763433691,43.8245429252512,"10"
"Ellie Roebuck",2,0,0,1,0,0,1,0,0,0,0,73.256315,0,2,0,2,0,0,0,0,0,20.2,43.45,92.45,38.65,100.163547581929,33.5638258108803,"10"
"Emily Donovan",4,0,0,2,0,1,0,1,0,0,0,22.66966725,3,1,0,4,0,0,0,0,0,83.75,44.75,96.75,42.75,38.829216371702,26.6736607204446,"10"
"Emily Simpkins",3,0,1,2,0,0,0,0,0,0,0,22.1673346666667,1,1,1,2,0,0,1,0,0,90.9,49.8666666666667,99.1333333333333,53.8666666666667,34.388170058654,27.5350930013309,"10"
"Emily Syme",5,0,0,4,1,0,0,0,0,0,0,15.68938434,2,0,3,2,0,2,0,1,0,83,35.8,90,35.8,39.6617798853328,30.6871323132005,"10"
"Emma Brownlie",2,0,0,0,2,0,0,0,0,0,0,25.185229,1,1,0,2,0,0,0,0,0,82,52,97,44.5,40.0716135293292,24.5219406079308,"10"
"Emma Mitchell",11,0,2,2,2,0,1,4,0,0,0,30.3042000909091,5,3,3,2,0,8,1,0,0,92.2909090909091,27.2909090909091,103.6,36.5272727272727,39.7084674999611,19.636450074228,"20"
"Emma Rose Kelly",1,0,1,0,0,0,0,0,0,0,0,37.01351,0,1,0,1,0,0,0,0,0,87.2,12.8,108.6,43,42.6107967538745,11.7881296226331,"10"
"Erin Bloomfield",4,0,1,0,2,0,0,0,0,1,0,21.772521875,2,1,1,3,0,0,1,0,0,97.5,50.25,97,43.25,27.4813896082056,27.4171945442524,"10"
"Esme Beth Morgan",7,0,1,4,0,0,0,0,0,2,0,18.520167,5,1,1,6,0,1,0,0,0,99.5285714285714,49.3714285714286,100.114285714286,42.0571428571429,35.1400452234569,23.2038088247297,"10"
"Esmee de Graaf",12,0,2,2,0,0,2,6,0,0,0,29.3875283333333,2,7,3,8,1,1,2,0,0,101.666666666667,50.25,100.416666666667,37.8333333333333,41.1244923680166,21.6184759360662,"20"
"Faye Bryson",6,0,4,2,0,0,0,0,0,0,0,12.6367173333333,5,1,0,3,0,2,1,0,0,96.1666666666667,63.6666666666667,99.6666666666667,53.5,34.6546362071846,25.97922090626,"10"
"Fern Whelan",3,0,0,1,1,0,0,1,0,0,0,32.4930473333333,0,3,0,1,1,0,1,0,0,82.7666666666667,52.5,108.533333333333,50.7666666666667,44.4738555660064,15.8055952706129,"10"
"Filippa Wallén",1,0,1,0,0,0,0,0,0,0,0,12.162236,0,0,1,0,0,0,1,0,0,105.1,0.1,96.5,8.7,42.5913136683996,39.1400051098617,"10"
"Frances Kitching",1,0,0,0,0,0,0,0,0,1,0,74.00878,0,1,0,1,0,0,0,0,0,6,44,78.1,60.7,114.070153852794,46.7343556711762,"10"
"Frankie Brown",9,0,0,5,1,0,3,0,0,0,0,25.1657981111111,6,1,2,5,0,4,0,0,0,68.4,39.4333333333333,84.3666666666667,46.1111111111111,56.6960981306842,39.7686685422708,"10"
"Gabrielle George",8,0,0,5,1,0,1,1,0,0,0,25.4321115,6,2,0,5,0,3,0,0,0,81.775,25.9875,97.9625,29.8,44.3303064256297,27.4719307467964,"10"
"Gemma Bonner",11,0,2,6,0,0,1,2,0,0,0,27.2070919181818,5,3,3,5,2,2,2,0,0,86.1727272727273,63.8636363636364,102.436363636364,50.0727272727273,44.0202715764162,24.0693513469712,"20"
"Gemma Evans",5,0,1,1,1,1,1,0,0,0,0,16.4263594,3,1,1,0,0,3,2,0,0,77.94,18.44,90.38,21.38,50.9050345690012,44.2003750817822,"10"
"Georgia Brougham",6,0,2,1,2,0,1,0,0,0,0,25.8623721666667,4,2,0,3,0,3,0,0,0,75.2833333333333,50.4333333333333,86.7333333333333,40.8,51.4603589718927,37.8090162144373,"10"
"Georgia Evans",2,0,1,1,0,0,0,0,0,0,0,17.765181,2,0,0,1,0,1,0,0,0,61,30.5,74.5,29.5,60.7657177808458,46.7076423654347,"10"
"Georgia Wilson",2,0,0,2,0,0,0,0,0,0,0,13.606452,2,0,0,2,0,0,0,0,0,71.2,44.05,79.9,43.4,49.1121417204145,42.7487828602763,"10"
"Geum-Min Lee",1,0,0,1,0,0,0,0,0,0,0,40.824013,0,1,0,1,0,0,0,0,0,103.6,14.2,102.2,55,30.5712283037499,23.2774569057704,"10"
"Gilly Louise Scarlett Flaherty",5,0,0,0,3,0,0,2,0,0,0,17.9405412,0,2,3,3,2,0,0,0,0,101.22,42.98,108.5,35.52,20.7320707448841,13.0854405652603,"10"
"Hannah Godfrey",6,0,2,2,0,0,1,1,0,0,0,26.2518725,2,4,0,5,0,0,1,0,0,63.7666666666667,51.05,85,39.6833333333333,58.9772217498418,37.6950943541935,"10"
"Harriet Scott",9,0,4,2,0,1,0,2,0,0,0,19.1323640777778,4,3,2,7,0,1,1,0,0,105.177777777778,52.8333333333333,107.611111111111,41.9666666666667,29.7206669670962,17.7911967501993,"10"
"Heather Payne",3,0,0,1,0,0,1,0,0,1,0,12.5479386666667,2,0,1,2,1,0,0,0,0,103,65,95,56.6666666666667,33.2631132268036,31.1444062006583,"10"
"Jacinta Galabadaarachchi",2,0,1,0,0,0,0,1,0,0,0,22.74218675,1,1,0,2,0,0,0,0,0,95.4,5.15,92.85,27.1,48.7105632768206,30.5255982231478,"10"
"Jamie-Lee Napier",1,0,1,0,0,0,0,0,0,0,0,7.725283,1,0,0,1,0,0,0,0,0,109.5,60.1,102.3,57.3,22.6773014267571,24.7503535328286,"10"
"Janni Arnth-Jensen",3,0,1,1,0,0,0,1,0,0,0,31.44079,1,2,0,3,0,0,0,0,0,106,71,99.6666666666667,41.6666666666667,34.9432214816342,22.2966842939168,"10"
"Jenna Schillaci",1,0,1,0,0,0,0,0,0,0,0,43.789154,0,1,0,0,0,1,0,0,0,53.1,38.6,81.3,5.1,66.9146471260217,52.1123785678604,"10"
"Jennifer Beattie",5,0,0,1,1,0,0,3,0,0,0,8.9082359,2,2,1,1,1,1,2,0,0,103.6,34.7,106.9,37.78,18.462863617747,14.9324561354963,"10"
"Jessica Wooley",2,0,2,0,0,0,0,0,0,0,0,21.662989,1,1,0,2,0,0,0,0,0,112,69.5,100.5,52.5,30.7255885194683,23.1797050041559,"10"
"Josanne Potter",16,0,3,1,2,0,1,7,0,2,0,45.7808963125,4,12,0,1,0,15,0,0,0,83.28125,27.6,101.58125,37.30625,55.9770312266771,21.3414720033862,"20"
"Josie Green",11,0,2,5,2,1,1,0,0,0,0,27.5038529545455,5,4,2,6,1,4,0,0,0,74,39.3727272727273,84.7545454545455,36.2272727272727,49.4263740022192,40.1912905688532,"20"
"Juliette Kemppi",3,0,0,3,0,0,0,0,0,0,0,16.02992,2,1,0,1,0,2,0,0,0,98,52.6666666666667,100.333333333333,47.3333333333333,28.6104711770552,21.9618615722494,"10"
"Kate Natkiel",9,0,1,5,2,0,0,1,0,0,0,18.2635077888889,4,4,1,8,0,1,0,0,0,107.822222222222,48.8666666666667,103.6,42.6777777777778,29.033876308974,19.7192120596731,"10"
"Katharina Baunach",9,0,0,0,2,0,0,7,0,0,0,30.7956716666667,2,7,0,0,0,9,0,0,0,112.566666666667,66.5888888888889,108.822222222222,42.6333333333333,33.0174442934693,12.4096364786365,"10"
"Katie Robinson",2,0,0,2,0,0,0,0,0,0,0,19.719552,1,0,1,2,0,0,0,0,0,112.45,36,105,26.7,30.2955769987705,20.9029535462348,"10"
"Kika van Es",3,0,1,1,1,0,0,0,0,0,0,33.6735173333333,1,1,1,2,0,1,0,0,0,58.0333333333333,54,85.6333333333333,58.4333333333333,63.881299572332,39.3544217709456,"10"
"Kirstie Levell",1,0,0,0,1,0,0,0,0,0,0,52.886673,0,1,0,1,0,0,0,0,0,55,33,106,47,65.3758365147246,15.6524758424985,"10"
"Kirsty Barton",9,0,5,3,0,0,0,0,1,0,0,25.5525244444444,3,4,2,8,0,1,0,0,0,93.7,64.1222222222222,100.633333333333,41.8888888888889,40.0488230222984,22.8947444744992,"10"
"Kirsty Smith",5,0,2,3,0,0,0,0,0,0,0,20.360648,2,1,2,3,0,2,0,0,0,95.58,9.84,100.48,27.62,40.0319287834403,23.4546671373008,"10"
"Kristine Leine",6,0,2,2,1,0,1,0,0,0,0,30.704105,1,4,1,5,1,0,0,0,0,86.15,67.1833333333333,97.85,51.05,49.8142979601784,25.7151758891836,"10"
"Laura Vetterlein",2,0,1,0,0,0,0,0,0,0,1,27.2121315,1,1,0,1,0,1,0,0,0,74.85,24,98.65,27.15,54.2217325801471,27.1983309134772,"10"
"Lauren Bruton",18,0,0,9,4,0,2,3,0,0,0,17.5712372055556,12,5,1,14,2,2,0,0,0,96.2777777777778,39.1111111111111,99.7777777777778,42.7777777777778,31.8686590034203,26.0577916646897,"20"
"Lauren James",9,0,2,5,0,0,0,2,0,0,0,21.3121353888889,7,1,1,5,0,4,0,0,0,99.6444444444444,35.1,99.6555555555556,40.5666666666667,30.9455220176282,24.8561825904595,"10"
"Lily Simkin",3,0,1,1,0,0,0,1,0,0,0,10.3435976666667,3,0,0,2,0,1,0,0,0,89.3,64.9,89.0666666666667,58.6333333333333,40.1034412140757,36.4714375914579,"10"
"Lily Woodham",4,0,0,3,1,0,0,0,0,0,0,25.815462125,3,1,0,0,0,4,0,0,0,78.25,32.25,93.25,29,49.1700415807609,33.5564121433194,"10"
"Lisa-Marie Utland",3,0,0,3,0,0,0,0,0,0,0,11.0101377,3,0,0,3,0,0,0,0,0,103.033333333333,26.4333333333333,97.9333333333333,29.3333333333333,24.3800800556925,25.1490900638509,"10"
"Lotta Ökvist",1,0,1,0,0,0,0,0,0,0,0,14.355835,0,1,0,0,0,0,1,0,0,103.1,0.1,109.6,12.9,43.3315127822697,29.0270563440387,"10"
"Lotta Oqvist",1,0,1,0,0,0,0,0,0,0,0,13.928389,1,0,0,0,0,1,0,0,0,91.5,11.3,96.5,24.3,40.4467551232481,28.2619886066073,"10"
"Louise Quinn",1,0,0,0,0,0,0,1,0,0,0,8.5440035,1,0,0,1,0,0,0,0,0,100,35,92,32,20.6155281280883,29.1204395571221,"10"
"Lucienne Reichardt",1,0,1,0,0,0,0,0,0,0,0,22.825424,1,0,0,1,0,0,0,0,0,67,32,87,21,53.6003731330296,38.0788655293195,"10"
"Lucy Whipp",7,0,2,3,1,0,0,0,0,1,0,12.2138364428571,6,0,1,5,0,2,0,0,0,92.9857142857143,37.2285714285714,94.4571428571429,43.8571428571429,30.8387843966847,27.6519798228968,"10"
"Maéva Clemaron",6,0,3,1,1,0,1,0,0,0,0,23.4381268333333,3,2,1,4,1,1,0,0,0,69.3833333333333,47.4833333333333,85,45.4,51.9356170536272,39.3276135707681,"10"
"Marie Hourihan",2,0,0,1,0,1,0,0,0,0,0,90.120895,0,2,0,2,0,0,0,0,0,13,42.5,102,30.5,107.055282688711,20.665575248694,"10"
"Marisa Ewers",4,0,1,3,0,0,0,0,0,0,0,11.8952696,1,0,3,3,0,0,1,0,0,89.75,48.25,94.5,46.25,34.4224099176367,27.4384395915321,"10"
"Martha Harris",3,0,3,0,0,0,0,0,0,0,0,19.9617303333333,1,1,1,2,0,1,0,0,0,102.833333333333,28.5333333333333,104.966666666667,29.2666666666667,36.6379632487408,20.8635258311011,"10"
"Meaghan Sargeant",10,0,1,3,3,0,0,3,0,0,0,28.5796593,3,4,3,8,0,1,1,0,0,72.31,48.89,92.06,42.75,51.0774345345493,30.5835552097448,"10"
"Megan Campbell",4,0,2,2,0,0,0,0,0,0,0,36.84397275,1,2,1,0,0,3,1,0,0,86.175,13.675,109.15,37.75,44.4993600614082,17.3199523217382,"10"
"Megan Finnigan",5,0,3,1,1,0,0,0,0,0,0,17.7071074,2,2,1,2,0,0,3,0,0,105.2,45.2,103.6,42.6,31.4735901872596,21.3024326519084,"10"
"Megan Walsh",1,0,0,0,0,0,1,0,0,0,0,92.13577,0,1,0,0,0,0,0,0,1,16,54,108,49,104.938076978759,15,"10"
"Melissa Lawley",24,0,2,8,6,0,2,6,0,0,0,25.1205911958333,13,10,1,18,0,6,0,0,0,98.725,44.0041666666667,102.279166666667,39.6208333333333,34.4442847315652,21.0878099583075,"30"
"Millie Turner",2,0,1,0,1,0,0,0,0,0,0,22.737646,2,0,0,2,0,0,0,0,0,84.95,21.1,107.6,21.55,39.8351311075227,22.3347229247303,"10"
"Nadia Nadim",3,0,1,1,0,0,0,0,0,1,0,12.4431573333333,2,1,0,2,0,1,0,0,0,98.3333333333333,60,92,53,30.7168760347662,31.6923720249275,"10"
"Niamh Charles",21,0,6,8,2,0,3,0,0,1,1,22.1266824904762,17,4,0,12,0,9,0,0,0,90.9380952380952,32.0380952380952,96.8904761904762,39.6761904761905,38.5475787716311,27.875157695471,"30"
"Niamh Fahey",10,0,3,6,0,0,1,0,0,0,0,24.4319585,8,1,1,7,0,3,0,0,0,75.41,41.79,89.53,33.82,51.0822248831682,35.7274987219396,"10"
"Nicola Cousins",4,0,1,1,2,0,0,0,0,0,0,39.20010225,0,4,0,3,0,1,0,0,0,73.5,48.5,105.5,36.25,50.791581176506,15.6841392045443,"10"
"Olivia Chance",5,0,1,1,2,0,1,0,0,0,0,21.1494134,4,1,0,0,0,5,0,0,0,83.38,29.24,98.94,37.36,39.7650117350001,23.3008382724846,"10"
"Olivia Fergusson",8,0,1,3,1,0,0,2,0,1,0,15.1421498625,6,2,0,6,0,2,0,0,0,102.25,35.75,102.5,35.125,32.0735474534314,22.1224641129069,"10"
"Pauline Bremer",9,0,3,5,0,0,1,0,0,0,0,12.6048186888889,7,1,1,9,0,0,0,0,0,94.4222222222222,39.5888888888889,95.3444444444444,38.9555555555556,31.2931789383028,26.9558308678052,"10"
"Pauline Peyraud Magnin",2,0,1,0,0,1,0,0,0,0,0,81.74112,0,2,0,0,0,1,0,0,1,16.5,29.5,96.5,42,104.092281762921,27.8813136022375,"10"
"Rachel Rowe",8,0,2,3,1,0,0,1,1,0,0,16.1970495625,7,1,0,7,0,1,0,0,0,96.75,47.35,97.1875,46.1875,36.8291020545851,27.6185893147561,"10"
"Rachel Williams",8,0,5,2,0,0,0,0,1,0,0,13.4751420375,8,0,0,7,0,1,0,0,0,90.4625,56.8375,97.0375,45.9375,36.6118381388758,26.6940221785371,"10"
"Rakel Hönnudóttir",5,0,1,2,0,0,1,1,0,0,0,22.6904396,2,3,0,3,0,1,1,0,0,90.32,44.26,102.46,42.5,34.3698881489872,17.9468886903067,"10"
"Rebecca Holloway",3,0,0,0,2,0,0,0,0,1,0,19.0391307,2,1,0,2,0,1,0,0,0,86.1333333333333,20.1,94.3,33.4333333333333,40.1287154476313,29.4533384696619,"10"
"Rebecca Jane",11,0,3,1,2,0,3,1,0,1,0,22.4620820454545,5,4,2,10,0,0,1,0,0,84.3272727272727,63.5727272727273,95.7090909090909,52.4272727272727,46.1499470778477,28.4659755935988,"20"
"Rebecca Leigh Spencer",2,0,0,1,1,0,0,0,0,0,0,66.2159585,0,2,0,2,0,0,0,0,0,15,48,80,42.5,105.511399818587,45.0358143686757,"10"
"Rhiannon Roberts",5,0,0,4,0,0,0,1,0,0,0,19.1997583,4,1,0,5,0,0,0,0,0,82.58,56.44,88.98,48.16,42.832075755474,32.5954533720951,"10"
"Rianna Dean",3,0,1,1,0,0,1,0,0,0,0,10.8477643333333,1,1,1,1,0,0,2,0,0,100.166666666667,48.2333333333333,94.4,47.3333333333333,24.3899271741442,27.3925554173745,"10"
"Rinsola Babajide",7,0,2,3,0,0,1,0,0,1,0,22.5761545714286,5,2,0,2,0,5,0,0,0,92.9857142857143,40.3285714285714,98.0857142857143,37.0285714285714,37.9520761207215,24.1927179230611,"10"
"Samantha Kerr",5,0,1,3,1,0,0,0,0,0,0,13.4683544,2,2,1,3,1,0,1,0,0,102.98,40.02,103.54,40.08,22.0782287900586,18.9606565479218,"10"
"Sarah Emma Mayling",13,0,3,6,0,1,0,1,0,2,0,21.6548623538462,8,3,2,9,0,4,0,0,0,97.5307692307692,57.5230769230769,100.384615384615,48.6076923076923,38.3576563234553,24.4639369425993,"20"
"Satara Murray",6,0,2,4,0,0,0,0,0,0,0,20.4363467833333,6,0,0,6,0,0,0,0,0,94.6666666666667,56.5,97.6666666666667,40.5,35.8455198846434,25.256480295888,"10"
"Simran Jhamat",1,0,1,0,0,0,0,0,0,0,0,9.219544,1,0,0,1,0,0,0,0,0,92,13,90,22,38.8973006775534,34.9857113690718,"10"
"Sophie Elizabeth Bradley-Auckland",9,0,1,3,4,0,0,0,0,1,0,34.3699444,3,4,2,9,0,0,0,0,0,63.9777777777778,51.0111111111111,92.5888888888889,47.4888888888889,60.0526992620046,31.2868817858829,"10"
"Sophie Howard",2,0,1,1,0,0,0,0,0,0,0,53.06857,0,1,1,2,0,0,0,0,0,48.6,24.55,101.15,24.85,73.4083562813801,25.6935634459422,"10"
"Sophie Perry-Campbell",4,0,1,0,1,0,0,2,0,0,0,35.23904225,0,3,1,0,0,3,1,0,0,109,57,106.5,30,40.7901497554415,17.3363361178905,"10"
"Tessel Middag",1,0,0,0,1,0,0,0,0,0,0,16.673632,0,1,0,0,0,1,0,0,0,94.2,41.2,110.7,43.6,25.8278919000371,9.9724620831568,"10"
"Tyler Toland",1,0,0,1,0,0,0,0,0,0,0,66.30271,0,1,0,1,0,0,0,0,0,44.7,43.8,98.1,4.5,75.3958221654224,41.7116290739165,"10"
"Victoria Williams",6,0,3,1,1,0,1,0,0,0,0,25.0584835,3,2,1,4,0,2,0,0,0,72.65,27.5333333333333,92.4166666666667,30.0833333333333,51.7568666647892,31.7319792240178,"10"
"Vyan Sampson",1,0,1,0,0,0,0,0,0,0,0,15.231546,1,0,0,1,0,0,0,0,0,74,5,88,11,57.8013840664737,43.1856457633784,"10"
"Yana Daniels",17,0,1,8,3,0,0,4,1,0,0,28.2691969411765,8,6,3,13,0,2,2,0,0,92.8058823529412,32.1176470588235,98.5941176470588,35.1823529411765,43.736013326832,25.6383647260081,"20"
